feature_a,feature_b,abs_corr
acc_y_range,acc_y_p2p,1.0
gyr_y_range,gyr_y_p2p,1.0
lin_z_range,lin_z_p2p,1.0
gyr_z_range,gyr_z_p2p,1.0
acc_x_range,acc_x_p2p,1.0
gyr_x_range,gyr_x_p2p,1.0
acc_z_range,acc_z_p2p,1.0
acc_mag_range,acc_mag_p2p,1.0
lin_mag_mean,lin_mag_sma,1.0
acc_mag_mean,acc_mag_sma,1.0
gyr_mag_mean,gyr_mag_sma,1.0
gyr_mag_range,gyr_mag_p2p,1.0
lin_x_range,lin_x_p2p,1.0
lin_mag_range,lin_mag_p2p,1.0
lin_y_range,lin_y_p2p,1.0
lin_z_std,lin_z_rms,0.9981972871145702
gyr_mag_max,gyr_mag_range,0.9981872052288342
gyr_mag_max,gyr_mag_p2p,0.9981872052288342
lin_mag_max,lin_mag_p2p,0.9978237765023225
lin_mag_max,lin_mag_range,0.9978237765023225
lin_x_std,lin_x_rms,0.997179271341221
acc_mag_mean,acc_mag_rms,0.9971625312489326
acc_mag_rms,acc_mag_sma,0.9971625312489325
lin_x_mad,lin_x_sma,0.9969589253359081
acc_y_std,acc_y_mad,0.9959748297606489
gyr_y_mad,gyr_y_sma,0.9958919690260272
gyr_x_std,gyr_x_mad,0.9958351331515543
lin_z_mad,lin_z_sma,0.9957042191839562
gyr_y_std,gyr_y_rms,0.9956871365146306
acc_y_rms,acc_y_sma,0.9954809407251174
acc_z_std,acc_z_mad,0.9949776135182338
gyr_z_std,gyr_z_mad,0.9940513613645994
acc_mag_std,acc_mag_mad,0.994011416774812
lin_mag_std,lin_mag_mad,0.9939977531953987
lin_y_std,lin_y_mad,0.9938589300526096
gyr_mag_std,gyr_mag_mad,0.9938517825922649
acc_y_mad,acc_y_fft_mag_1,0.9937020393668972
acc_z_rms,acc_z_sma,0.9933037519547236
gyr_y_std,gyr_y_mad,0.9930430503964273
acc_x_std,acc_x_mad,0.9921325912424002
lin_x_std,lin_x_mad,0.9917753891566198
gyr_x_mad,gyr_x_sma,0.9916106084362984
lin_z_std,lin_z_mad,0.990989540414001
gyr_y_rms,gyr_y_sma,0.9903520827408364
gyr_x_mad,gyr_x_fft_mag_1,0.9902327525989667
lin_z_rms,lin_z_mad,0.9902144029236293
gyr_y_rms,gyr_y_mad,0.9899821067940492
gyr_x_std,gyr_x_rms,0.9895109018360153
lin_mag_mean,lin_mag_rms,0.9891408768199927
lin_mag_rms,lin_mag_sma,0.9891408768199925
lin_x_rms,lin_x_mad,0.9890798248858722
gyr_z_mad,gyr_z_sma,0.9887821325832317
acc_x_rms,acc_x_sma,0.9887651134696902
gyr_z_mad,gyr_z_fft_mag_1,0.9887580761109088
lin_x_rms,lin_x_sma,0.9887193769886706
gyr_y_std,gyr_y_sma,0.9882838009580224
gyr_x_rms,gyr_x_sma,0.9879411638341198
lin_x_std,lin_x_sma,0.9879078787930279
gyr_x_rms,gyr_x_mad,0.9879046522123084
gyr_x_std,gyr_x_sma,0.9870085607407763
acc_y_std,acc_y_fft_mag_1,0.9867298088366564
gyr_z_rms,gyr_z_mad,0.9863856940487435
gyr_z_std,gyr_z_rms,0.9856296914599222
gyr_x_sma,gyr_x_fft_mag_1,0.9855287774478484
acc_x_mad,acc_x_fft_mag_1,0.9845417621629295
gyr_z_sma,gyr_z_fft_mag_1,0.9843929307750405
lin_z_rms,lin_z_sma,0.9843809331582399
gyr_mag_mean,gyr_mag_rms,0.9831287500787407
gyr_mag_rms,gyr_mag_sma,0.9831287500787407
lin_y_rms,lin_y_sma,0.9822772737896461
lin_z_std,lin_z_sma,0.9822403566797132
lin_z_std,lin_z_range,0.9822113973638715
lin_z_std,lin_z_p2p,0.9822113973638715
gyr_x_std,gyr_x_fft_mag_1,0.981720178123238
acc_z_mad,acc_z_fft_mag_1,0.9811644516986738
acc_z_iqr,acc_z_mad,0.980725726979324
lin_z_range,lin_z_rms,0.9785823701877945
lin_z_rms,lin_z_p2p,0.9785823701877945
gyr_z_std,gyr_z_fft_mag_1,0.9784797156080466
gyr_z_std,gyr_z_sma,0.9782747700272265
lin_y_std,lin_y_rms,0.9777428902412887
lin_y_mad,lin_y_fft_mag_1,0.977403082955586
gyr_x_rms,gyr_x_fft_mag_1,0.9764688014915007
lin_x_mad,lin_x_fft_mag_1,0.9764187805658338
gyr_mag_mad,gyr_mag_fft_mag_1,0.9758008808761062
lin_mag_mad,lin_mag_fft_mag_1,0.9757996790500281
gyr_z_rms,gyr_z_sma,0.9748852510690381
lin_mag_std,lin_mag_p2p,0.9748407159677955
lin_mag_std,lin_mag_range,0.9748407159677955
lin_x_sma,lin_x_fft_mag_1,0.9746849415500648
gyr_y_mad,gyr_y_fft_mag_1,0.9746747880989772
gyr_z_rms,gyr_z_fft_mag_1,0.9746137652479915
gyr_x_std,gyr_x_range,0.9742219678672829
gyr_x_std,gyr_x_p2p,0.9742219678672829
lin_y_rms,lin_y_mad,0.9738025848207498
lin_y_mad,lin_y_sma,0.9727935907665466
lin_z_mad,lin_z_fft_mag_1,0.972574974606226
gyr_y_sma,gyr_y_fft_mag_1,0.9725639617521187
lin_mag_std,lin_mag_max,0.972038129248683
acc_z_std,acc_z_fft_mag_1,0.97198987839333
gyr_x_iqr,gyr_x_fft_mag_1,0.9719180904934338
gyr_y_iqr,gyr_y_mad,0.9718919031652818
acc_z_iqr,acc_z_fft_mag_1,0.9718479920391059
lin_mag_iqr,lin_mag_mad,0.9711161852477628
lin_z_min,lin_z_p2p,0.9710874273830339
lin_z_min,lin_z_range,0.9710874273830339
lin_x_std,lin_x_range,0.9708582556563132
lin_x_std,lin_x_p2p,0.9708582556563132
acc_x_std,acc_x_fft_mag_1,0.9708114456471361
gyr_y_iqr,gyr_y_sma,0.9705437923932262
acc_mag_iqr,acc_mag_mad,0.9690597455442708
lin_z_rms,lin_z_fft_mag_1,0.9684201427202734
gyr_x_iqr,gyr_x_mad,0.9684117439437667
gyr_y_std,gyr_y_range,0.9682060987247468
gyr_y_std,gyr_y_p2p,0.9682060987247468
lin_x_range,lin_x_rms,0.967951800483739
lin_x_rms,lin_x_p2p,0.967951800483739
lin_x_iqr,lin_x_sma,0.967580313865463
lin_z_std,lin_z_fft_mag_1,0.9674124316635914
gyr_z_std,gyr_z_range,0.9673483406058969
gyr_z_std,gyr_z_p2p,0.9673483406058969
lin_z_sma,lin_z_fft_mag_1,0.9671424212327514
acc_mag_std,acc_mag_p2p,0.9670665283824286
acc_mag_std,acc_mag_range,0.9670665283824286
lin_x_iqr,lin_x_mad,0.967047664710981
acc_mag_mad,acc_mag_fft_mag_1,0.9669598285056135
lin_y_std,lin_y_p2p,0.966867891702423
lin_y_std,lin_y_range,0.966867891702423
gyr_y_iqr,gyr_y_fft_mag_1,0.9668519312331342
acc_z_std,acc_z_p2p,0.965549657721807
acc_z_std,acc_z_range,0.965549657721807
acc_y_std,acc_y_p2p,0.9654120766719927
acc_y_std,acc_y_range,0.9654120766719927
gyr_x_iqr,gyr_x_sma,0.9648390691199883
lin_x_std,lin_x_fft_mag_1,0.9644697012994079
gyr_z_iqr,gyr_z_sma,0.9643285631191058
lin_y_std,lin_y_sma,0.9641387789117012
lin_y_std,lin_y_fft_mag_1,0.9640466261026209
acc_y_iqr,acc_y_fft_mag_1,0.9638648739689427
gyr_x_range,gyr_x_rms,0.962828701112291
gyr_x_rms,gyr_x_p2p,0.962828701112291
lin_mag_std,lin_mag_fft_mag_1,0.9625808866401204
lin_x_rms,lin_x_fft_mag_1,0.9619232233566617
gyr_mag_std,gyr_mag_fft_mag_1,0.9609190263017819
gyr_y_rms,gyr_y_p2p,0.9608273098494473
gyr_y_range,gyr_y_rms,0.9608273098494473
acc_x_std,acc_x_range,0.9605430986275921
acc_x_std,acc_x_p2p,0.9605430986275921
acc_z_std,acc_z_iqr,0.9601374853542286
lin_z_std,lin_z_min,0.9592026490171931
acc_y_iqr,acc_y_mad,0.9590004020581218
acc_y_mad,acc_y_spec_energy,0.9583227770199162
gyr_y_std,gyr_y_fft_mag_1,0.9579488330242905
gyr_y_rms,gyr_y_fft_mag_1,0.9577115394403799
lin_z_std,lin_z_fft_mag_2,0.9575169235577622
lin_x_max,lin_x_p2p,0.9571792014256819
lin_x_max,lin_x_range,0.9571792014256819
lin_mag_iqr,lin_mag_fft_mag_1,0.9566335956402462
gyr_y_max,gyr_y_range,0.9558776426193283
gyr_y_max,gyr_y_p2p,0.9558776426193283
lin_z_range,lin_z_mad,0.9557464561179813
lin_z_mad,lin_z_p2p,0.9557464561179813
lin_z_range,lin_z_fft_mag_3,0.9552635476334119
lin_z_p2p,lin_z_fft_mag_3,0.9552635476334119
gyr_z_iqr,gyr_z_fft_mag_1,0.9552584067635305
acc_y_spec_energy,acc_y_fft_mag_1,0.9551442168893283
lin_z_min,lin_z_rms,0.9551113997399496
gyr_mag_std,gyr_mag_range,0.955053881693893
gyr_mag_std,gyr_mag_p2p,0.955053881693893
gyr_x_mad,gyr_x_p2p,0.9549957966170548
gyr_x_range,gyr_x_mad,0.9549957966170548
lin_z_rms,lin_z_fft_mag_2,0.9547655365217853
acc_mag_iqr,acc_mag_fft_mag_1,0.9544846940766766
lin_y_iqr,lin_y_mad,0.9537721930470473
gyr_y_min,gyr_y_range,0.9536296131444489
gyr_y_min,gyr_y_p2p,0.9536296131444489
lin_z_range,lin_z_fft_mag_2,0.9533873848231328
lin_z_p2p,lin_z_fft_mag_2,0.9533873848231328
gyr_mag_iqr,gyr_mag_mad,0.9521716325070629
gyr_y_std,gyr_y_fft_mag_2,0.9521022824222493
lin_mag_max,lin_mag_rms,0.9519417635487358
lin_x_iqr,lin_x_fft_mag_1,0.9518561352293464
lin_mag_range,lin_mag_mad,0.9517326800427605
lin_mag_mad,lin_mag_p2p,0.9517326800427603
acc_mag_std,acc_mag_fft_mag_1,0.951369316141834
gyr_y_p2p,gyr_y_fft_mag_3,0.9513340393136173
gyr_y_range,gyr_y_fft_mag_3,0.9513340393136173
gyr_x_mad,gyr_x_spec_energy,0.9513028119506783
lin_y_sma,lin_y_fft_mag_1,0.9512259414790126
acc_z_fft_mag_2,acc_z_fft_mag_3,0.9508817608107315
gyr_mag_max,gyr_mag_rms,0.9503539236734118
